Project Name,Package Name,Type Name,NOF,NOPF,NOM,NOPM,LOC,WMC,NC,DIT,LCOM,FANIN,FANOUT
app,org.apache.roller.planet.business,AbstractManagerImpl,0,0,3,3,11,3,0,1,-1.0,0,0
app,org.apache.roller.planet.business,BootstrapException,0,0,2,2,11,2,0,0,-1.0,0,0
app,org.apache.roller.planet.business,InitializationException,0,0,2,2,11,2,0,0,-1.0,0,0
app,org.apache.roller.planet.business,Manager,0,0,3,0,17,3,2,0,-1.0,0,0
app,org.apache.roller.planet.business,MultiPlanetURLStrategy,0,0,7,7,89,15,0,1,-1.0,1,1
app,org.apache.roller.planet.business,Planet,0,0,8,0,37,8,0,0,-1.0,17,0
app,org.apache.roller.planet.business,PlanetManager,0,0,25,0,97,25,0,1,-1.0,25,4
app,org.apache.roller.planet.business,PlanetProvider,0,0,2,0,13,2,0,0,-1.0,0,0
app,org.apache.roller.planet.business,PlanetURLStrategy,0,0,7,0,46,7,1,0,-1.0,5,0
app,org.apache.roller.planet.business,EntryBasicTests,1,0,3,3,40,3,0,0,0.0,0,5
app,org.apache.roller.planet.business,EntryFunctionalTests,8,1,4,4,60,4,0,0,0.0,0,7
app,org.apache.roller.planet.business,GroupBasicTests,1,0,3,3,43,3,0,0,0.0,0,5
app,org.apache.roller.planet.business,GroupFunctionalTests,3,0,3,3,33,3,0,0,0.0,0,5
app,org.apache.roller.planet.business,PlanetBasicTests,1,1,1,1,32,1,0,0,0.0,0,4
app,org.apache.roller.planet.business,PlanetFunctionalTests,2,1,3,3,29,3,0,0,0.0,0,4
app,org.apache.roller.planet.business,PropertiesTest,1,1,3,3,38,3,0,0,1.0,0,4
app,org.apache.roller.planet.business,RomeFeedFetcherTest,2,1,4,4,46,4,0,0,0.75,0,4
app,org.apache.roller.planet.business,SingleThreadedFeedUpdaterTest,3,1,3,3,34,3,0,0,0.0,0,5
app,org.apache.roller.planet.business,SubscriptionBasicTests,0,0,1,1,32,1,0,0,-1.0,0,4
app,org.apache.roller.planet.business,SubscriptionFunctionalTests,5,0,4,4,63,4,0,0,0.0,0,6
app,org.apache.roller.planet.business.fetcher,FeedFetcher,0,0,2,0,19,2,1,0,-1.0,8,0
app,org.apache.roller.planet.business.fetcher,FetcherException,0,0,5,5,44,8,0,0,-1.0,0,0
app,org.apache.roller.planet.business.fetcher,RomeFeedFetcher,3,0,5,3,125,24,0,1,0.0,0,2
app,org.apache.roller.planet.business.jpa,JPAPlanetImpl,6,0,9,8,57,9,0,0,0.0,1,5
app,org.apache.roller.planet.business.jpa,JPAPlanetManagerImpl,2,0,31,30,235,48,0,0,0.06451612903225806,1,6
app,org.apache.roller.planet.business.updater,FeedUpdater,0,0,3,0,21,3,1,0,-1.0,3,2
app,org.apache.roller.planet.business.updater,SingleThreadedFeedUpdater,1,0,6,4,139,17,0,1,0.3333333333333333,0,7
app,org.apache.roller.planet.business.updater,UpdaterException,0,0,2,2,11,2,0,0,-1.0,0,0
app,org.apache.roller.planet.config,PlanetRuntimeConfig,3,0,6,5,78,9,0,0,0.3333333333333333,3,6
app,org.apache.roller.planet.pojos,Author,2,0,4,4,19,4,0,0,0.5,1,0
app,org.apache.roller.planet.pojos,Category,1,0,2,2,12,2,0,0,0.0,1,0
app,org.apache.roller.planet.pojos,Planet,5,0,13,13,53,13,0,0,0.3076923076923077,2,1
app,org.apache.roller.planet.pojos,PlanetGroup,10,0,24,23,122,29,0,0,0.3333333333333333,17,5
app,org.apache.roller.planet.pojos,StaticTemplate,9,0,21,21,81,21,0,1,0.2857142857142857,0,0
app,org.apache.roller.planet.pojos,Subscription,10,0,29,27,134,32,0,0,0.2413793103448276,20,2
app,org.apache.roller.planet.pojos,SubscriptionEntry,11,0,40,40,209,50,0,0,0.425,10,5
app,org.apache.roller.planet.pojos,Template,0,0,2,0,6,2,1,0,-1.0,1,0
app,org.apache.roller.planet.tasks,GeneratePlanetTask,1,0,2,2,39,3,0,1,0.0,1,2
app,org.apache.roller.planet.tasks,PlanetTask,0,0,1,1,10,1,2,0,-1.0,0,0
app,org.apache.roller.planet.tasks,RefreshPlanetTask,1,0,2,2,24,2,0,1,0.0,1,4
app,org.apache.roller.planet.tasks,StaticPlanetModel,1,0,5,5,34,6,0,0,0.0,0,5
app,org.apache.roller.planet.util,MailUtil,1,0,7,7,174,28,0,0,0.0,1,1
app,org.apache.roller.planet.util.rome,ContentModule,1,0,2,0,5,2,1,0,-1.0,3,0
app,org.apache.roller.planet.util.rome,ContentModuleGenerator,2,0,4,3,21,5,0,0,0.75,0,1
app,org.apache.roller.planet.util.rome,ContentModuleImpl,1,0,5,5,19,5,0,1,0.6,0,1
app,org.apache.roller.planet.util.rome,ContentModuleParser,0,0,3,3,18,4,0,0,-1.0,0,1
app,org.apache.roller.planet.util.rome,PlanetConverterForRSS091N,0,0,3,1,15,3,0,0,-1.0,0,0
app,org.apache.roller.planet.util.rome,PlanetConverterForRSS091U,0,0,3,1,15,3,0,0,-1.0,0,0
app,org.apache.roller.planet.util.rome,PlanetConverterForRSS20,0,0,3,1,20,4,0,0,-1.0,0,0
app,org.apache.roller.planet.util.rome,PlanetRSS091NParser,0,0,3,1,18,4,0,0,-1.0,0,0
app,org.apache.roller.planet.util.rome,PlanetRSS091UParser,0,0,3,1,18,4,0,0,-1.0,0,0
app,org.apache.roller,RollerException,1,0,9,5,93,14,0,0,0.0,0,0
app,org.apache.roller.util,DateUtil,10,1,49,49,353,69,0,0,0.2857142857142857,19,2
app,org.apache.roller.util,ISO8601DateParser,0,0,2,2,33,3,0,0,-1.0,1,0
app,org.apache.roller.util,PropertyExpander,1,0,3,2,43,6,0,0,0.6666666666666666,2,1
app,org.apache.roller.util,RegexUtil,2,2,4,4,61,9,0,0,0.5,5,1
app,org.apache.roller.util,RollerConstants,14,14,1,0,19,1,0,0,0.0,46,0
app,org.apache.roller.util,UUIDGenerator,0,0,2,1,13,2,0,0,-1.0,2,0
app,org.apache.roller.util,DerbyManager,3,0,3,3,75,4,0,0,0.0,1,1
app,org.apache.roller.util,PropertyExpanderTest,1,0,2,0,20,2,0,0,1.0,0,1
app,org.apache.roller.util,RegexUtilTest,0,0,3,3,23,3,0,0,-1.0,0,1
app,org.apache.roller.weblogger.business,AbstractURLStrategy,1,0,10,10,144,22,1,1,0.2,0,2
app,org.apache.roller.weblogger.business,BookmarkManager,0,0,12,0,83,12,0,0,-1.0,12,3
app,org.apache.roller.weblogger.business,BootstrapException,0,0,2,2,11,2,0,0,-1.0,0,0
app,org.apache.roller.weblogger.business,DatabaseProvider,10,0,12,10,127,19,0,0,0.0,5,1
app,org.apache.roller.weblogger.business,FileContentManager,0,0,7,0,58,7,1,0,-1.0,4,2
app,org.apache.roller.weblogger.business,FileContentManagerImpl,2,0,14,9,247,52,0,1,0.2857142857142857,2,6
app,org.apache.roller.weblogger.business,FileIOException,0,0,3,3,14,3,0,0,-1.0,0,0
app,org.apache.roller.weblogger.business,FileNotFoundException,0,0,3,3,14,3,0,0,-1.0,0,0
app,org.apache.roller.weblogger.business,FilePathException,0,0,3,3,14,3,0,0,-1.0,0,0
app,org.apache.roller.weblogger.business,GuiceWebloggerProvider,2,0,4,4,42,4,0,1,0.5,0,3
app,org.apache.roller.weblogger.business,HitCountQueue,4,0,6,5,58,8,0,0,0.3333333333333333,4,6
app,org.apache.roller.weblogger.business,InitializationException,0,0,2,2,11,2,0,0,-1.0,0,0
app,org.apache.roller.weblogger.business,MailProvider,7,0,3,3,91,12,0,0,0.0,2,1
app,org.apache.roller.weblogger.business,MediaFileManager,2,0,25,0,110,25,0,0,-1.0,22,5
app,org.apache.roller.weblogger.business,MultiWeblogURLStrategy,0,0,22,22,280,58,1,2,-1.0,1,4
app,org.apache.roller.weblogger.business,OAuthManager,0,0,11,0,55,11,0,0,-1.0,7,0
app,org.apache.roller.weblogger.business,PreviewURLStrategy,2,0,6,6,181,39,0,3,0.0,0,4
app,org.apache.roller.weblogger.business,PropertiesManager,0,0,6,0,30,6,0,0,-1.0,12,1
app,org.apache.roller.weblogger.business,TestTask,1,1,8,8,25,8,0,0,1.0,2,1
app,org.apache.roller.weblogger.business,URLStrategy,0,0,30,0,110,30,1,0,-1.0,35,1
app,org.apache.roller.weblogger.business,UserManager,0,0,31,0,178,31,0,0,-1.0,34,3
app,org.apache.roller.weblogger.business,WeblogEntryManager,0,0,43,0,245,43,0,0,-1.0,58,7
app,org.apache.roller.weblogger.business,Weblogger,0,0,27,0,104,27,1,0,-1.0,37,0
app,org.apache.roller.weblogger.business,WebloggerFactory,2,0,5,4,74,11,0,0,0.4,201,5
app,org.apache.roller.weblogger.business,WebloggerImpl,24,0,27,26,270,31,0,1,0.0,0,22
app,org.apache.roller.weblogger.business,WebloggerProvider,0,0,2,0,13,2,1,0,-1.0,3,0
app,org.apache.roller.weblogger.business,WeblogManager,0,0,22,0,114,22,0,0,-1.0,24,4
app,org.apache.roller.weblogger.business,BookmarkTest,3,1,8,7,168,9,0,0,0.0,0,7
app,org.apache.roller.weblogger.business,CommentTest,4,1,5,5,168,5,0,0,0.0,0,5
app,org.apache.roller.weblogger.business,CustomTemplateRenditionTest,6,1,3,3,84,3,0,0,0.0,0,7
app,org.apache.roller.weblogger.business,FileContentManagerTest,3,0,4,4,110,4,0,0,0.75,0,8
app,org.apache.roller.weblogger.business,FolderCRUDTest,3,1,3,3,69,3,0,0,0.0,0,6
app,org.apache.roller.weblogger.business,FolderFunctionalityTest,7,1,7,7,121,7,0,0,0.0,0,6
app,org.apache.roller.weblogger.business,HitCountTest,3,1,7,7,189,8,0,0,0.0,0,6
app,org.apache.roller.weblogger.business,MediaFileTest,2,2,17,15,799,23,0,0,0.29411764705882354,0,6
app,org.apache.roller.weblogger.business,PermissionTest,3,1,6,6,181,6,0,0,0.0,0,7
app,org.apache.roller.weblogger.business,PingsTest,4,1,7,7,209,7,0,0,0.0,0,8
app,org.apache.roller.weblogger.business,PlanetManagerLocalTest,3,1,3,3,101,4,0,0,0.6666666666666666,0,10
app,org.apache.roller.weblogger.business,PropertiesTest,1,1,3,3,38,3,0,0,1.0,0,4
app,org.apache.roller.weblogger.business,SQLScriptRunnerTest,1,1,4,4,52,8,0,0,0.75,1,5
app,org.apache.roller.weblogger.business,TaskLockTest,1,1,3,3,28,3,0,0,1.0,0,4
app,org.apache.roller.weblogger.business,ThemeManagerTest,1,1,3,3,15,3,0,0,1.0,0,3
app,org.apache.roller.weblogger.business,UserTest,1,1,5,5,143,8,0,0,1.0,0,5
app,org.apache.roller.weblogger.business,WeblogCategoryCRUDTest,3,1,5,5,106,5,0,0,0.0,0,6
app,org.apache.roller.weblogger.business,WeblogCategoryFunctionalityTest,7,1,7,7,137,7,0,0,0.0,0,7
app,org.apache.roller.weblogger.business,WeblogEntryTest,3,1,18,18,724,35,0,0,0.1111111111111111,0,5
app,org.apache.roller.weblogger.business,WeblogPageTest,4,1,4,4,90,4,0,0,0.0,0,6
app,org.apache.roller.weblogger.business,WeblogStatsTest,11,0,6,6,79,6,0,0,0.5,0,6
app,org.apache.roller.weblogger.business,WeblogTest,2,1,4,4,142,4,0,0,0.0,0,5
app,org.apache.roller.weblogger.business.jpa,JPAAutoPingManagerImpl,3,0,12,11,65,15,0,0,0.16666666666666666,1,8
app,org.apache.roller.weblogger.business.jpa,JPABookmarkManagerImpl,3,0,15,12,163,29,0,0,0.13333333333333333,1,6
app,org.apache.roller.weblogger.business.jpa,JPAMediaFileManagerImpl,4,1,30,27,586,88,0,0,0.06666666666666667,2,15
app,org.apache.roller.weblogger.business.jpa,JPAOAuthManagerImpl,4,0,20,12,258,36,0,0,0.0,2,4
app,org.apache.roller.weblogger.business.jpa,JPAPersistenceStrategy,3,0,19,16,269,31,0,0,0.0,15,2
app,org.apache.roller.weblogger.business.jpa,JPAPingQueueManagerImpl,2,0,8,6,45,9,0,0,0.25,1,3
app,org.apache.roller.weblogger.business.jpa,JPAPingTargetManagerImpl,1,0,10,8,75,15,0,0,0.4,1,2
app,org.apache.roller.weblogger.business.jpa,JPAPropertiesManagerImpl,2,0,8,6,86,16,0,0,0.25,1,4
app,org.apache.roller.weblogger.business.jpa,JPAThreadManagerImpl,2,0,5,4,131,15,0,0,0.0,1,4
app,org.apache.roller.weblogger.business.jpa,JPAUserManagerImpl,3,0,32,31,425,69,0,0,0.0625,1,8
app,org.apache.roller.weblogger.business.jpa,JPAWeblogEntryManagerImpl,7,0,50,44,987,165,0,0,0.04,3,17
app,org.apache.roller.weblogger.business.jpa,JPAWebloggerImpl,1,0,4,3,26,4,0,0,0.0,1,11
app,org.apache.roller.weblogger.business.jpa,JPAWebloggerModule,0,0,1,1,30,1,0,0,-1.0,0,43
app,org.apache.roller.weblogger.business.jpa,JPAWeblogManagerImpl,5,0,27,22,457,90,0,0,0.07407407407407407,1,23
app,org.apache.roller.weblogger.business.jpa,JPAOAuthManagerTest,1,1,3,3,46,3,0,0,0.6666666666666666,0,3
app,org.apache.roller.weblogger.business.pings,AutoPingManager,0,0,11,0,69,11,0,0,-1.0,7,4
app,org.apache.roller.weblogger.business.pings,PingQueueManager,0,0,6,0,39,6,0,0,-1.0,5,2
app,org.apache.roller.weblogger.business.pings,PingQueueProcessor,3,0,6,3,108,18,0,0,0.0,2,9
app,org.apache.roller.weblogger.business.pings,PingQueueTask,6,1,9,9,96,13,0,0,0.0,1,4
app,org.apache.roller.weblogger.business.pings,PingTargetManager,0,0,8,0,55,8,0,0,-1.0,10,1
app,org.apache.roller.weblogger.business.pings,WeblogUpdatePinger,3,1,10,8,95,17,0,0,0.4,3,5
app,org.apache.roller.weblogger.business.pings,PingResult,2,0,6,6,26,6,0,0,0.0,1,0
app,org.apache.roller.weblogger.business.plugins.comment,AutoformatPlugin,1,0,5,5,52,10,0,1,1.0,0,1
app,org.apache.roller.weblogger.business.plugins.comment,HTMLSubsetPlugin,1,0,5,5,31,6,0,1,0.8,0,2
app,org.apache.roller.weblogger.business.plugins.comment,LinkMarkupPlugin,2,0,5,5,62,8,0,1,1.0,0,2
app,org.apache.roller.weblogger.business.plugins.comment,WeblogEntryCommentPlugin,0,0,4,0,24,4,3,0,-1.0,0,1
app,org.apache.roller.weblogger.business.plugins.entry,ConvertLineBreaksPlugin,4,0,5,5,59,11,0,1,0.6,1,3
app,org.apache.roller.weblogger.business.plugins.entry,EncodePreTagsPlugin,3,0,5,4,37,7,0,1,0.8,2,3
app,org.apache.roller.weblogger.business.plugins.entry,ObfuscateEmailPlugin,3,0,5,5,22,5,0,1,1.0,0,3
app,org.apache.roller.weblogger.business.plugins.entry,SmileysPlugin,7,1,7,5,98,17,0,1,0.42857142857142855,1,4
app,org.apache.roller.weblogger.business.plugins.entry,WeblogEntryPlugin,0,0,4,0,25,4,4,0,-1.0,2,2
app,org.apache.roller.weblogger.business.plugins.entry,EncodePreTagsPluginTest,0,0,4,4,32,4,0,0,-1.0,0,1
app,org.apache.roller.weblogger.business.plugins,PluginManager,0,0,6,0,36,6,1,0,-1.0,10,3
app,org.apache.roller.weblogger.business.plugins,PluginManagerImpl,3,0,9,7,121,21,0,1,0.2222222222222222,1,7
app,org.apache.roller.weblogger.business.plugins,CommentPluginsTest,2,0,3,3,20,3,0,0,1.0,0,4
app,org.apache.roller.weblogger.business.runnable,ContinuousWorkerThread,3,0,5,5,40,6,0,1,0.6,0,1
app,org.apache.roller.weblogger.business.runnable,HitCountProcessingJob,1,0,4,4,56,7,0,1,1.0,1,6
app,org.apache.roller.weblogger.business.runnable,Job,0,0,3,0,18,3,1,0,-1.0,2,0
app,org.apache.roller.weblogger.business.runnable,ResetHitCountsTask,6,1,9,9,95,13,0,2,0.0,1,5
app,org.apache.roller.weblogger.business.runnable,RollerTask,2,0,9,7,79,14,1,0,0.7777777777777778,5,2
app,org.apache.roller.weblogger.business.runnable,RollerTaskWithLeasing,2,0,2,2,46,5,2,1,0.0,4,2
app,org.apache.roller.weblogger.business.runnable,ScheduledEntriesTask,6,1,9,9,111,15,0,2,0.0,1,7
app,org.apache.roller.weblogger.business.runnable,TaskRunner,0,0,2,2,34,4,0,0,-1.0,0,1
app,org.apache.roller.weblogger.business.runnable,TaskScheduler,3,0,3,2,110,14,0,0,0.0,1,5
app,org.apache.roller.weblogger.business.runnable,ThreadManager,1,0,9,0,54,9,1,0,-1.0,6,2
app,org.apache.roller.weblogger.business.runnable,ThreadManagerImpl,3,0,8,8,98,14,0,1,0.5,0,6
app,org.apache.roller.weblogger.business.runnable,WorkerThread,3,0,4,4,47,5,1,0,0.0,1,3
app,org.apache.roller.weblogger.business.search,IndexManager,0,0,11,0,42,11,0,0,-1.0,16,3
app,org.apache.roller.weblogger.business.search,SearchResultList,4,0,5,5,24,5,0,0,0.0,3,0
app,org.apache.roller.weblogger.business.search,SearchResultMap,4,0,5,5,24,5,0,0,0.0,0,0
app,org.apache.roller.weblogger.business.search,IndexManagerTest,3,1,4,4,77,6,0,0,0.0,1,11
app,org.apache.roller.weblogger.business.search.lucene,AddEntryOperation,3,0,2,2,42,4,0,2,0.0,0,4
app,org.apache.roller.weblogger.business.search.lucene,FieldConstants,16,16,0,0,22,0,0,0,-1.0,7,0
app,org.apache.roller.weblogger.business.search.lucene,IndexOperation,3,0,6,2,99,16,2,0,0.5,1,5
app,org.apache.roller.weblogger.business.search.lucene,IndexUtil,0,0,2,1,33,4,0,0,-1.0,3,1
app,org.apache.roller.weblogger.business.search.lucene,LuceneIndexManager,8,0,25,16,309,47,0,0,0.12,12,13
app,org.apache.roller.weblogger.business.search.lucene,ReadFromIndexOperation,1,0,2,2,21,2,1,1,1.0,0,1
app,org.apache.roller.weblogger.business.search.lucene,RebuildWebsiteIndexOperation,3,0,2,2,78,9,0,2,0.0,0,8
app,org.apache.roller.weblogger.business.search.lucene,ReIndexEntryOperation,3,0,2,2,44,4,0,2,0.0,0,5
app,org.apache.roller.weblogger.business.search.lucene,RemoveEntryOperation,3,0,2,2,37,3,0,2,0.0,0,5
app,org.apache.roller.weblogger.business.search.lucene,RemoveWebsiteIndexOperation,3,0,2,2,52,6,0,2,0.0,0,6
app,org.apache.roller.weblogger.business.search.lucene,SearchOperation,10,0,11,11,116,15,0,2,0.18181818181818182,1,4
app,org.apache.roller.weblogger.business.search.lucene,WriteToIndexOperation,1,0,2,2,25,2,5,1,1.0,0,1
app,org.apache.roller.weblogger.business.startup,ClasspathDatabaseScriptProvider,0,0,2,2,21,2,0,1,-1.0,2,1
app,org.apache.roller.weblogger.business.startup,DatabaseInstaller,6,0,22,7,650,86,0,0,0.0,1,3
app,org.apache.roller.weblogger.business.startup,DatabaseScriptProvider,0,0,1,0,9,1,1,0,-1.0,1,0
app,org.apache.roller.weblogger.business.startup,SQLScriptRunner,4,0,11,9,118,20,0,0,0.18181818181818182,5,0
app,org.apache.roller.weblogger.business.startup,StartupException,1,0,5,5,35,7,0,0,0.0,2,0
app,org.apache.roller.weblogger.business.startup,WebloggerStartup,5,0,11,9,123,16,0,0,0.18181818181818182,10,6
app,org.apache.roller.weblogger.business.themes,SharedTheme,6,0,15,15,52,15,1,0,0.5333333333333333,6,1
app,org.apache.roller.weblogger.business.themes,SharedThemeFromDir,8,0,16,11,254,39,0,1,0.0,0,9
app,org.apache.roller.weblogger.business.themes,SharedThemeResourceFromDir,2,0,10,10,46,10,0,0,0.2,1,1
app,org.apache.roller.weblogger.business.themes,SharedThemeTemplate,12,0,27,27,105,27,0,0,0.14814814814814814,1,1
app,org.apache.roller.weblogger.business.themes,SharedThemeTemplateRendition,4,0,13,13,62,15,0,0,0.3076923076923077,2,1
app,org.apache.roller.weblogger.business.themes,ThemeInitializationException,0,0,4,4,17,4,0,0,-1.0,0,0
app,org.apache.roller.weblogger.business.themes,ThemeManager,0,0,6,0,43,6,1,0,-1.0,14,2
app,org.apache.roller.weblogger.business.themes,ThemeManagerImpl,5,0,8,6,264,39,0,1,0.0,1,16
app,org.apache.roller.weblogger.business.themes,ThemeMetadata,9,0,21,21,76,21,0,0,0.47619047619047616,2,1
app,org.apache.roller.weblogger.business.themes,ThemeMetadataParser,0,0,3,1,165,25,0,0,-1.0,1,3
app,org.apache.roller.weblogger.business.themes,ThemeMetadataTemplate,8,0,17,17,64,17,0,0,0.47058823529411764,3,1
app,org.apache.roller.weblogger.business.themes,ThemeMetadataTemplateRendition,3,0,6,6,23,6,0,0,0.5,3,0
app,org.apache.roller.weblogger.business.themes,ThemeNotFoundException,0,0,4,4,17,4,0,0,-1.0,0,0
app,org.apache.roller.weblogger.business.themes,ThemeParsingException,0,0,4,4,17,4,0,0,-1.0,0,0
app,org.apache.roller.weblogger.business.themes,WeblogCustomTheme,0,0,16,16,90,19,0,0,-1.0,0,6
app,org.apache.roller.weblogger.business.themes,WeblogSharedTheme,2,0,14,14,135,27,0,0,0.0,0,8
app,org.apache.roller.weblogger.config,PingConfig,18,0,11,8,198,32,0,0,0.2727272727272727,6,6
app,org.apache.roller.weblogger.config,WebloggerConfig,6,0,12,11,178,17,0,0,0.25,71,1
app,org.apache.roller.weblogger.config,WebloggerRuntimeConfig,5,0,12,11,126,17,0,0,0.25,49,7
app,org.apache.roller.weblogger.config.runtime,ConfigDef,3,0,10,10,47,13,0,0,0.0,4,1
app,org.apache.roller.weblogger.config.runtime,DisplayGroup,3,0,11,11,42,11,0,0,0.18181818181818182,2,1
app,org.apache.roller.weblogger.config.runtime,PropertyDef,6,0,17,17,75,17,0,0,0.11764705882352941,3,0
app,org.apache.roller.weblogger.config.runtime,RuntimeConfigDefs,1,0,6,6,25,6,0,0,0.0,6,1
app,org.apache.roller.weblogger.config.runtime,RuntimeConfigDefsParser,0,0,5,2,61,11,0,0,-1.0,2,4
app,org.apache.roller.weblogger.planet.business,PlanetURLStrategy,0,0,4,4,61,7,0,0,-1.0,0,1
app,org.apache.roller.weblogger.planet.business,WebloggerRomeFeedFetcher,1,0,2,2,87,11,0,0,1.0,1,8
app,org.apache.roller.weblogger.planet.business,WebloggerRomeFeedFetcherTest,2,1,3,3,41,3,0,0,0.6666666666666666,0,4
app,org.apache.roller.weblogger.planet.tasks,RefreshRollerPlanetTask,6,1,9,9,81,13,0,0,0.0,3,6
app,org.apache.roller.weblogger.planet.tasks,SyncWebsitesTask,6,1,9,9,138,19,0,0,0.0,2,12
app,org.apache.roller.weblogger.planet.ui,PlanetConfig,4,0,12,12,96,21,0,1,0.4166666666666667,1,7
app,org.apache.roller.weblogger.planet.ui,PlanetGroups,2,0,8,8,61,11,0,1,0.625,0,4
app,org.apache.roller.weblogger.planet.ui,PlanetGroupSubs,4,0,20,17,225,39,0,1,0.25,2,8
app,org.apache.roller.weblogger.planet.ui,PlanetUIAction,3,1,1,1,20,2,3,0,0.0,0,3
app,org.apache.roller.weblogger.pojos,AutoPing,4,1,11,11,90,14,0,0,0.18181818181818182,9,3
app,org.apache.roller.weblogger.pojos,CommentSearchCriteria,9,0,18,18,65,18,0,0,0.5,7,2
app,org.apache.roller.weblogger.pojos,CustomTemplateRendition,6,0,15,15,64,17,0,1,0.2,9,2
app,org.apache.roller.weblogger.pojos,FileContent,3,0,7,7,39,7,0,0,0.0,3,1
app,org.apache.roller.weblogger.pojos,GlobalPermission,4,3,10,9,123,29,0,1,0.4,17,6
app,org.apache.roller.weblogger.pojos,MediaFile,25,0,57,55,380,80,0,0,0.21052631578947367,19,7
app,org.apache.roller.weblogger.pojos,MediaFileComparator,1,0,2,2,28,5,0,0,0.0,0,1
app,org.apache.roller.weblogger.pojos,MediaFileDirectory,5,0,17,17,117,25,0,0,0.11764705882352941,13,3
app,org.apache.roller.weblogger.pojos,MediaFileDirectoryComparator,1,0,2,2,24,3,0,0,0.0,0,1
app,org.apache.roller.weblogger.pojos,MediaFileFilter,8,0,16,16,75,16,0,0,0.5,4,0
app,org.apache.roller.weblogger.pojos,MediaFileTag,4,0,11,11,49,13,0,0,0.18181818181818182,2,2
app,org.apache.roller.weblogger.pojos,OAuthAccessorRecord,8,0,20,20,131,22,0,0,0.45,2,1
app,org.apache.roller.weblogger.pojos,OAuthConsumerRecord,3,0,10,10,66,12,0,0,0.4,2,1
app,org.apache.roller.weblogger.pojos,ObjectPermission,7,0,14,14,54,14,1,1,0.5714285714285714,1,0
app,org.apache.roller.weblogger.pojos,PingQueueEntry,6,1,16,16,132,18,0,0,0.125,5,3
app,org.apache.roller.weblogger.pojos,PingTarget,10,4,17,17,143,19,0,0,0.11764705882352941,16,1
app,org.apache.roller.weblogger.pojos,Resource,0,0,5,0,30,5,1,0,-1.0,2,0
app,org.apache.roller.weblogger.pojos,RollerPermission,1,0,11,11,72,18,2,0,0.18181818181818182,3,2
app,org.apache.roller.weblogger.pojos,RuntimeConfigProperty,3,1,9,9,58,11,0,0,0.2222222222222222,9,1
app,org.apache.roller.weblogger.pojos,StatCount,6,0,16,16,93,18,0,0,0.0,5,1
app,org.apache.roller.weblogger.pojos,StatCountCountComparator,2,0,3,2,27,5,0,0,1.0,1,2
app,org.apache.roller.weblogger.pojos,StaticTemplate,6,0,12,12,52,12,0,1,0.25,0,1
app,org.apache.roller.weblogger.pojos,StaticThemeTemplate,12,0,26,26,99,26,0,2,0.3076923076923077,0,0
app,org.apache.roller.weblogger.pojos,TagStat,4,0,8,8,36,8,0,0,0.375,4,0
app,org.apache.roller.weblogger.pojos,TagStatComparator,1,0,2,2,13,2,0,0,1.0,0,1
app,org.apache.roller.weblogger.pojos,TagStatCountComparator,2,0,3,3,26,4,0,0,1.0,1,2
app,org.apache.roller.weblogger.pojos,TaskLock,6,0,18,18,98,22,0,0,0.2222222222222222,5,1
app,org.apache.roller.weblogger.pojos,Template,0,0,6,0,29,6,2,0,-1.0,8,1
app,org.apache.roller.weblogger.pojos,TemplateRendition,1,0,8,1,20,8,1,0,-1.0,5,0
app,org.apache.roller.weblogger.pojos,Theme,0,0,12,0,53,12,1,0,-1.0,10,0
app,org.apache.roller.weblogger.pojos,ThemeResource,0,0,1,0,10,1,0,1,-1.0,6,0
app,org.apache.roller.weblogger.pojos,ThemeTemplate,1,0,6,1,29,6,2,1,-1.0,11,0
app,org.apache.roller.weblogger.pojos,User,13,0,32,32,193,36,0,0,0.1875,70,5
app,org.apache.roller.weblogger.pojos,UserRole,4,1,11,11,55,13,0,0,0.18181818181818182,2,1
app,org.apache.roller.weblogger.pojos,Weblog,36,1,97,97,715,127,0,0,0.14432989690721648,130,20
app,org.apache.roller.weblogger.pojos,WeblogBookmark,9,1,24,24,128,27,0,0,0.08333333333333333,13,3
app,org.apache.roller.weblogger.pojos,WeblogBookmarkFolder,5,1,17,16,109,24,0,0,0.23529411764705882,17,6
app,org.apache.roller.weblogger.pojos,WeblogCategory,7,1,21,21,134,25,0,0,0.14285714285714285,25,6
app,org.apache.roller.weblogger.pojos,WeblogEntry,29,1,93,91,747,134,0,0,0.12903225806451613,60,20
app,org.apache.roller.weblogger.pojos,WeblogEntryAttribute,4,0,13,13,60,15,0,0,0.15384615384615385,4,2
app,org.apache.roller.weblogger.pojos,WeblogEntryComment,15,1,36,36,241,39,0,0,0.3055555555555556,33,2
app,org.apache.roller.weblogger.pojos,WeblogEntrySearchCriteria,13,0,26,26,95,26,0,0,0.5,19,2
app,org.apache.roller.weblogger.pojos,WeblogEntryTag,8,0,18,18,99,20,0,0,0.1111111111111111,6,5
app,org.apache.roller.weblogger.pojos,WeblogEntryTagAggregate,6,1,15,15,77,17,0,0,0.13333333333333333,3,2
app,org.apache.roller.weblogger.pojos,WeblogEntryTagComparator,1,0,2,2,17,2,0,0,1.0,0,1
app,org.apache.roller.weblogger.pojos,WeblogEntryWrapperComparator,1,0,1,1,18,3,0,0,0.0,0,1
app,org.apache.roller.weblogger.pojos,WeblogHitCount,3,0,10,10,49,12,0,0,0.3,6,2
app,org.apache.roller.weblogger.pojos,WeblogPermission,4,4,10,10,92,24,0,2,1.0,27,4
app,org.apache.roller.weblogger.pojos,WeblogTemplate,14,2,31,31,140,38,0,2,0.22580645161290322,16,3
app,org.apache.roller.weblogger.pojos,WeblogTheme,2,1,2,2,13,2,0,1,0.0,9,1
app,org.apache.roller.weblogger.pojos.wrapper,ThemeTemplateWrapper,1,0,9,8,36,10,0,0,0.2222222222222222,2,1
app,org.apache.roller.weblogger.pojos.wrapper,UserWrapper,1,0,9,8,42,11,0,0,0.2222222222222222,6,3
app,org.apache.roller.weblogger.pojos.wrapper,WeblogBookmarkFolderWrapper,1,0,5,4,24,6,0,0,0.4,2,1
app,org.apache.roller.weblogger.pojos.wrapper,WeblogBookmarkWrapper,1,0,10,9,39,11,0,0,0.2,0,2
app,org.apache.roller.weblogger.pojos.wrapper,WeblogCategoryWrapper,2,0,9,8,38,10,0,0,0.2222222222222222,5,4
app,org.apache.roller.weblogger.pojos.wrapper,WeblogEntryAttributeWrapper,1,0,4,3,21,5,0,0,0.5,0,1
app,org.apache.roller.weblogger.pojos.wrapper,WeblogEntryCommentWrapper,2,0,18,17,90,20,0,0,0.1111111111111111,4,6
app,org.apache.roller.weblogger.pojos.wrapper,WeblogEntryTagWrapper,1,0,5,4,24,6,0,0,0.4,0,2
app,org.apache.roller.weblogger.pojos.wrapper,WeblogEntryWrapper,2,0,46,45,155,47,0,0,0.043478260869565216,15,7
app,org.apache.roller.weblogger.pojos.wrapper,WeblogWrapper,2,0,53,52,188,57,0,0,0.03773584905660377,9,9
app,org.apache.roller.weblogger.ui.core,CmaRollerContext,0,0,2,1,14,2,0,1,-1.0,0,0
app,org.apache.roller.weblogger.ui.core,RollerContext,3,0,11,8,231,32,1,0,0.36363636363636365,11,9
app,org.apache.roller.weblogger.ui.core,RollerLoginSessionManager,4,0,7,5,51,11,0,0,0.2857142857142857,6,6
app,org.apache.roller.weblogger.ui.core,SingletonHolder,1,0,0,0,3,0,0,0,-1.0,1,1
app,org.apache.roller.weblogger.ui.core,SessionCacheHandler,0,0,1,1,7,2,0,0,-1.0,0,1
app,org.apache.roller.weblogger.ui.core,RollerSession,4,1,7,6,116,20,0,0,0.0,11,8
app,org.apache.roller.weblogger.ui.core,RollerLoginSessionManagerTest,2,0,7,0,50,7,0,0,0.0,0,4
app,org.apache.roller.weblogger.ui.core,RollerSessionTest,8,0,8,0,93,8,0,0,0.0,0,6
app,org.apache.roller.weblogger.ui.core.filters,BootstrapFilter,2,0,4,3,29,5,0,0,0.5,0,2
app,org.apache.roller.weblogger.ui.core.filters,CharEncodingFilter,1,0,3,3,37,6,0,0,1.0,0,0
app,org.apache.roller.weblogger.ui.core.filters,CustomOpenIDAuthenticationProcessingFilter,1,0,2,1,42,6,0,0,1.0,0,0
app,org.apache.roller.weblogger.ui.core.filters,DebugFilter,1,0,3,3,26,3,0,0,1.0,0,0
app,org.apache.roller.weblogger.ui.core.filters,InitFilter,2,0,6,3,64,14,0,0,0.5,2,2
app,org.apache.roller.weblogger.ui.core.filters,IPBanFilter,1,0,3,3,24,4,0,0,0.6666666666666666,0,1
app,org.apache.roller.weblogger.ui.core.filters,LoadSaltFilter,0,0,3,3,21,4,0,0,-1.0,1,2
app,org.apache.roller.weblogger.ui.core.filters,PersistenceSessionFilter,1,0,3,3,29,4,0,0,1.0,0,1
app,org.apache.roller.weblogger.ui.core.filters,RoleAssignmentFilter,1,0,3,3,16,3,0,0,1.0,0,0
app,org.apache.roller.weblogger.ui.core.filters,RoleAssignmentRequestWrapper,1,0,2,2,19,3,0,0,1.0,0,3
app,org.apache.roller.weblogger.ui.core.filters,SpringFirewallExceptionFilter,1,0,3,3,22,3,0,0,1.0,0,0
app,org.apache.roller.weblogger.ui.core.filters,ValidateSaltFilter,2,0,4,3,50,10,0,0,0.5,1,3
app,org.apache.roller.weblogger.ui.core.filters,InitFilterTest,1,0,5,5,42,5,0,0,0.4,0,1
app,org.apache.roller.weblogger.ui.core.filters,LoadSaltFilterTest,7,0,5,4,42,5,0,0,0.4,0,3
app,org.apache.roller.weblogger.ui.core.filters,TestUser,1,0,2,1,9,2,0,0,0.0,0,0
app,org.apache.roller.weblogger.ui.core.filters,ValidateSaltFilterTest,7,0,9,8,104,9,0,0,0.2222222222222222,0,4
app,org.apache.roller.weblogger.ui.core.filters,TestUser,1,0,2,1,9,2,0,0,0.0,0,0
app,org.apache.roller.weblogger.ui.core.plugins,Summernote,0,0,4,4,16,4,0,1,-1.0,0,0
app,org.apache.roller.weblogger.ui.core.plugins,TextEditor,0,0,4,4,16,4,0,1,-1.0,0,0
app,org.apache.roller.weblogger.ui.core.plugins,UIPluginManager,0,0,2,0,16,2,1,0,-1.0,3,0
app,org.apache.roller.weblogger.ui.core.plugins,UIPluginManagerImpl,4,0,5,3,56,9,0,1,0.4,2,4
app,org.apache.roller.weblogger.ui.core.plugins,WeblogEntryEditor,0,0,3,0,20,3,2,0,-1.0,1,0
app,org.apache.roller.weblogger.ui.core.security,AuthoritiesPopulator,1,0,2,2,47,7,0,0,0.0,0,4
app,org.apache.roller.weblogger.ui.core.security,AutoProvision,0,0,1,0,3,1,1,0,-1.0,2,0
app,org.apache.roller.weblogger.ui.core.security,BasicUserAutoProvision,1,0,2,1,34,6,0,1,0.0,0,5
app,org.apache.roller.weblogger.ui.core.security,CustomUserRegistry,13,0,3,1,125,17,0,0,0.6666666666666666,3,4
app,org.apache.roller.weblogger.ui.core.security,RollerRememberMeAuthenticationProvider,1,0,1,1,11,2,0,0,0.0,0,1
app,org.apache.roller.weblogger.ui.core.security,RollerRememberMeServices,1,0,2,1,30,4,0,0,0.0,0,1
app,org.apache.roller.weblogger.ui.core.security,RollerUserDetails,0,0,5,0,11,5,0,0,-1.0,1,0
app,org.apache.roller.weblogger.ui.core.security,RollerUserDetailsService,1,0,2,1,77,8,0,0,0.0,0,4
app,org.apache.roller.weblogger.ui.core.tags.calendar,BigWeblogCalendarModel,3,0,4,3,112,13,0,2,0.0,0,6
app,org.apache.roller.weblogger.ui.core.tags.calendar,CalendarModel,0,0,10,0,28,10,1,0,-1.0,2,0
app,org.apache.roller.weblogger.ui.core.tags.calendar,CalendarTag,6,0,18,14,227,34,0,0,0.16666666666666666,1,2
app,org.apache.roller.weblogger.ui.core.tags.calendar,WeblogCalendarModel,11,0,17,15,214,32,1,1,0.0,1,8
app,org.apache.roller.weblogger.ui.core.util.menu,Menu,1,0,3,2,15,3,0,0,0.0,1,1
app,org.apache.roller.weblogger.ui.core.util.menu,MenuHelper,3,0,8,1,255,44,0,0,0.375,3,17
app,org.apache.roller.weblogger.ui.core.util.menu,MenuTab,4,0,9,9,36,9,0,0,0.4444444444444444,2,1
app,org.apache.roller.weblogger.ui.core.util.menu,MenuTabItem,3,0,6,6,26,6,0,0,0.5,2,0
app,org.apache.roller.weblogger.ui.core.util.menu,ParsedMenu,1,0,3,3,15,3,0,0,0.0,1,1
app,org.apache.roller.weblogger.ui.core.util.menu,ParsedTab,6,0,13,13,50,13,0,0,0.46153846153846156,2,1
app,org.apache.roller.weblogger.ui.core.util.menu,ParsedTabItem,7,0,14,14,54,14,0,0,0.5,2,0
app,org.apache.roller.weblogger.ui.rendering.filters,DeviceResolverRequestFilter,1,0,3,2,28,3,0,0,0.6666666666666666,0,3
app,org.apache.roller.weblogger.ui.rendering.filters,RequestMappingFilter,2,0,3,3,49,6,0,0,0.6666666666666666,0,1
app,org.apache.roller.weblogger.ui.rendering.mobile,MobileDeviceRepository,4,4,3,2,44,10,0,0,0.0,10,1
app,org.apache.roller.weblogger.ui.rendering.model,CalendarModel,3,0,5,4,65,10,0,1,0.4,0,5
app,org.apache.roller.weblogger.ui.rendering.model,ConfigModel,0,0,25,22,94,25,0,1,-1.0,0,2
app,org.apache.roller.weblogger.ui.rendering.model,FeedModel,7,0,19,16,153,31,0,1,0.2631578947368421,0,7
app,org.apache.roller.weblogger.ui.rendering.model,FeedEntriesPager,1,0,3,2,24,6,0,0,0.0,0,2
app,org.apache.roller.weblogger.ui.rendering.model,FeedCommentsPager,1,0,3,2,24,6,0,0,0.0,0,2
app,org.apache.roller.weblogger.ui.rendering.model,FeedFilesPager,1,0,3,2,24,6,0,0,0.0,0,2
app,org.apache.roller.weblogger.ui.rendering.model,MenuModel,2,0,4,4,53,8,0,1,0.5,0,5
app,org.apache.roller.weblogger.ui.rendering.model,MessageModel,1,0,4,4,34,5,0,1,0.5,0,2
app,org.apache.roller.weblogger.ui.rendering.model,Model,0,0,2,0,13,2,11,0,-1.0,1,0
app,org.apache.roller.weblogger.ui.rendering.model,ModelLoader,1,0,1,1,45,6,0,0,0.0,5,3
app,org.apache.roller.weblogger.ui.rendering.model,PageModel,7,0,18,17,184,32,2,1,0.2222222222222222,0,10
app,org.apache.roller.weblogger.ui.rendering.model,PlanetModel,8,1,12,12,135,18,0,1,0.25,0,10
app,org.apache.roller.weblogger.ui.rendering.model,PreviewPageModel,2,0,4,4,51,10,0,2,0.0,0,5
app,org.apache.roller.weblogger.ui.rendering.model,PreviewURLModel,2,0,2,2,29,5,0,2,0.0,0,4
app,org.apache.roller.weblogger.ui.rendering.model,SearchResultsFeedModel,10,0,14,14,97,19,0,1,0.14285714285714285,2,12
app,org.apache.roller.weblogger.ui.rendering.model,SearchResultsModel,10,1,15,14,103,22,0,2,0.13333333333333333,1,9
app,org.apache.roller.weblogger.ui.rendering.model,SiteModel,8,0,26,26,388,43,0,1,0.07692307692307693,0,15
app,org.apache.roller.weblogger.ui.rendering.model,URLModel,4,0,62,62,268,71,1,1,0.11290322580645161,0,8
app,org.apache.roller.weblogger.ui.rendering.model,FeedURLS,0,0,3,3,11,3,0,0,-1.0,0,0
app,org.apache.roller.weblogger.ui.rendering.model,EntryFeedURLS,0,0,7,7,23,7,0,0,-1.0,0,0
app,org.apache.roller.weblogger.ui.rendering.model,CommentFeedURLS,0,0,4,4,14,4,0,0,-1.0,0,0
app,org.apache.roller.weblogger.ui.rendering.model,MediaFileFeedURLS,0,0,4,4,14,4,0,0,-1.0,0,0
app,org.apache.roller.weblogger.ui.rendering.model,UtilitiesModel,3,0,42,41,238,51,0,1,0.8095238095238095,0,10
app,org.apache.roller.weblogger.ui.rendering.model,SearchResultsFeedModelTest,3,1,4,2,59,5,0,0,0.0,0,8
app,org.apache.roller.weblogger.ui.rendering.model,SearchResultsModelTest,3,1,4,2,74,7,0,0,0.0,0,9
app,org.apache.roller.weblogger.ui.rendering,Renderer,0,0,1,0,9,1,0,0,-1.0,9,0
app,org.apache.roller.weblogger.ui.rendering,RendererFactory,0,0,1,0,9,1,0,0,-1.0,0,2
app,org.apache.roller.weblogger.ui.rendering,RendererManager,2,0,2,1,41,4,0,0,1.0,7,3
app,org.apache.roller.weblogger.ui.rendering,RenderingException,0,0,3,3,14,3,0,0,-1.0,0,0
app,org.apache.roller.weblogger.ui.rendering,RequestMapper,0,0,1,0,9,1,1,0,-1.0,0,0
app,org.apache.roller.weblogger.ui.rendering,WeblogRequestMapper,10,0,5,2,284,59,0,1,0.0,0,3
app,org.apache.roller.weblogger.ui.rendering.pagers,AbstractPager,3,0,13,12,65,18,7,1,0.15384615384615385,0,2
app,org.apache.roller.weblogger.ui.rendering.pagers,AbstractWeblogEntriesPager,12,0,15,12,140,28,4,1,0.3333333333333333,0,5
app,org.apache.roller.weblogger.ui.rendering.pagers,CommentsPager,7,0,4,4,82,12,0,2,0.0,0,7
app,org.apache.roller.weblogger.ui.rendering.pagers,MediaFilesPager,4,0,4,4,52,9,0,2,0.5,0,3
app,org.apache.roller.weblogger.ui.rendering.pagers,Pager,0,0,7,0,33,7,1,0,-1.0,0,0
app,org.apache.roller.weblogger.ui.rendering.pagers,PlanetEntriesPager,7,0,3,3,67,9,0,2,0.0,0,6
app,org.apache.roller.weblogger.ui.rendering.pagers,SearchResultsFeedPager,6,0,7,6,66,14,0,2,0.0,1,5
app,org.apache.roller.weblogger.ui.rendering.pagers,SearchResultsPager,9,0,12,12,83,19,0,1,0.4166666666666667,1,4
app,org.apache.roller.weblogger.ui.rendering.pagers,UsersPager,5,0,6,6,79,14,0,2,0.0,0,5
app,org.apache.roller.weblogger.ui.rendering.pagers,WeblogEntriesDayPager,7,0,12,12,139,27,0,2,0.25,0,7
app,org.apache.roller.weblogger.ui.rendering.pagers,WeblogEntriesLatestPager,3,0,3,3,52,8,0,2,0.0,0,6
app,org.apache.roller.weblogger.ui.rendering.pagers,WeblogEntriesListPager,11,0,4,4,91,13,0,2,0.0,0,7
app,org.apache.roller.weblogger.ui.rendering.pagers,WeblogEntriesMonthPager,7,0,12,12,135,27,0,2,0.25,0,7
app,org.apache.roller.weblogger.ui.rendering.pagers,WeblogEntriesPager,0,0,11,0,49,11,2,0,-1.0,0,0
app,org.apache.roller.weblogger.ui.rendering.pagers,WeblogEntriesPermalinkPager,5,0,10,8,93,20,1,2,0.3,0,8
app,org.apache.roller.weblogger.ui.rendering.pagers,WeblogEntriesPreviewPager,1,0,2,2,30,5,0,3,1.0,0,7
app,org.apache.roller.weblogger.ui.rendering.pagers,WeblogsPager,6,0,6,6,89,15,0,2,0.0,0,5
app,org.apache.roller.weblogger.ui.rendering.plugins.comments,AkismetCommentValidator,3,0,3,3,55,4,0,1,0.6666666666666666,0,5
app,org.apache.roller.weblogger.ui.rendering.plugins.comments,BannedwordslistCommentValidator,1,0,2,2,16,3,0,1,1.0,0,4
app,org.apache.roller.weblogger.ui.rendering.plugins.comments,CommentAuthenticator,0,0,2,0,16,2,3,0,-1.0,2,0
app,org.apache.roller.weblogger.ui.rendering.plugins.comments,CommentAuthenticatorUtils,1,0,1,1,16,2,0,0,0.0,2,2
app,org.apache.roller.weblogger.ui.rendering.plugins.comments,CommentValidationManager,2,0,3,3,42,5,0,0,0.0,3,5
app,org.apache.roller.weblogger.ui.rendering.plugins.comments,CommentValidator,0,0,2,0,15,2,5,0,-1.0,1,2
app,org.apache.roller.weblogger.ui.rendering.plugins.comments,DefaultCommentAuthenticator,0,0,2,2,11,2,0,1,-1.0,0,0
app,org.apache.roller.weblogger.ui.rendering.plugins.comments,ExcessLinksCommentValidator,3,0,3,3,25,5,0,1,0.6666666666666666,0,4
app,org.apache.roller.weblogger.ui.rendering.plugins.comments,ExcessSizeCommentValidator,2,0,3,3,20,4,0,1,0.6666666666666666,0,4
app,org.apache.roller.weblogger.ui.rendering.plugins.comments,LdapCommentAuthenticator,1,0,5,2,127,13,0,1,0.4,0,3
app,org.apache.roller.weblogger.ui.rendering.plugins.comments,MathCommentAuthenticator,2,0,2,2,66,5,0,1,1.0,0,2
app,org.apache.roller.weblogger.ui.rendering.plugins.comments,TrackbackLinkbackCommentValidator,1,0,2,2,30,4,0,1,1.0,0,6
app,org.apache.roller.weblogger.ui.rendering.servlets,CommentAuthenticatorServlet,2,0,3,3,41,4,0,0,0.6666666666666666,0,3
app,org.apache.roller.weblogger.ui.rendering.servlets,CommentServlet,4,0,3,3,243,31,0,0,0.6666666666666666,0,23
app,org.apache.roller.weblogger.ui.rendering.servlets,FeedServlet,3,0,2,2,188,28,0,0,0.0,0,17
app,org.apache.roller.weblogger.ui.rendering.servlets,MediaResourceServlet,1,0,2,2,86,9,0,0,0.0,0,7
app,org.apache.roller.weblogger.ui.rendering.servlets,PageServlet,7,0,5,3,410,69,0,0,0.0,0,23
app,org.apache.roller.weblogger.ui.rendering.servlets,PlanetFeedServlet,2,0,3,2,158,19,0,0,0.0,0,13
app,org.apache.roller.weblogger.ui.rendering.servlets,PreviewResourceServlet,2,0,2,2,94,13,0,0,0.0,0,9
app,org.apache.roller.weblogger.ui.rendering.servlets,PreviewServlet,1,0,2,2,162,22,0,0,0.0,0,15
app,org.apache.roller.weblogger.ui.rendering.servlets,ResourceServlet,3,0,2,2,96,13,0,0,0.0,0,8
app,org.apache.roller.weblogger.ui.rendering.servlets,RSDServlet,1,0,2,2,78,7,0,0,0.0,0,9
app,org.apache.roller.weblogger.ui.rendering.servlets,SearchServlet,3,0,2,2,134,13,0,0,0.0,0,17
app,org.apache.roller.weblogger.ui.rendering.servlets,TrackbackServlet,2,0,5,3,137,21,0,0,0.4,0,13
app,org.apache.roller.weblogger.ui.rendering.util.cache,PlanetCache,7,1,8,7,120,24,0,0,0.25,2,7
app,org.apache.roller.weblogger.ui.rendering.util.cache,SaltCache,4,1,6,5,55,10,0,0,0.3333333333333333,5,6
app,org.apache.roller.weblogger.ui.rendering.util.cache,SiteWideCache,6,1,18,16,234,53,0,0,0.16666666666666666,4,18
app,org.apache.roller.weblogger.ui.rendering.util.cache,WeblogCacheWarmupJob,2,0,4,3,67,10,0,0,0.5,0,9
app,org.apache.roller.weblogger.ui.rendering.util.cache,WeblogFeedCache,5,1,7,6,103,21,0,0,0.2857142857142857,3,7
app,org.apache.roller.weblogger.ui.rendering.util.cache,WeblogPageCache,5,1,8,6,132,30,0,0,0.25,3,7
app,org.apache.roller.weblogger.ui.rendering.util,InvalidRequestException,0,0,2,2,11,2,0,0,-1.0,0,0
app,org.apache.roller.weblogger.ui.rendering.util,ModDateHeaderUtil,1,0,3,2,64,8,0,0,1.0,7,3
app,org.apache.roller.weblogger.ui.rendering.util,ParsedRequest,5,0,9,8,53,11,2,0,0.2222222222222222,1,4
app,org.apache.roller.weblogger.ui.rendering.util,PlanetRequest,7,0,8,8,66,13,0,1,0.0,2,0
app,org.apache.roller.weblogger.ui.rendering.util,WeblogCommentRequest,9,0,16,16,116,27,0,2,0.125,1,4
app,org.apache.roller.weblogger.ui.rendering.util,WeblogEntryCommentForm,8,0,20,20,78,20,0,0,0.15,3,2
app,org.apache.roller.weblogger.ui.rendering.util,WeblogFeedRequest,10,0,18,18,132,30,0,2,0.1111111111111111,12,6
app,org.apache.roller.weblogger.ui.rendering.util,WeblogMediaResourceRequest,3,0,7,6,54,11,0,2,0.42857142857142855,1,0
app,org.apache.roller.weblogger.ui.rendering.util,WeblogPageRequest,15,0,30,28,265,57,1,2,0.06666666666666667,10,9
app,org.apache.roller.weblogger.ui.rendering.util,WeblogPreviewRequest,7,0,14,13,90,21,0,3,0.2857142857142857,2,6
app,org.apache.roller.weblogger.ui.rendering.util,WeblogPreviewResourceRequest,3,0,8,8,47,11,0,3,0.5,1,3
app,org.apache.roller.weblogger.ui.rendering.util,WeblogRequest,6,0,13,12,123,29,7,1,0.15384615384615385,14,2
app,org.apache.roller.weblogger.ui.rendering.util,WeblogResourceRequest,2,0,5,4,40,8,1,2,0.6,1,1
app,org.apache.roller.weblogger.ui.rendering.util,WeblogSearchRequest,6,1,10,10,71,16,0,2,0.2,4,4
app,org.apache.roller.weblogger.ui.rendering.util,WeblogTrackbackRequest,8,0,14,14,108,25,0,2,0.14285714285714285,1,3
app,org.apache.roller.weblogger.ui.rendering.util,CommentValidatorTest,4,0,6,5,58,7,0,0,0.0,0,7
app,org.apache.roller.weblogger.ui.rendering.util.mobile,Device,0,0,3,0,20,3,1,0,-1.0,3,0
app,org.apache.roller.weblogger.ui.rendering.util.mobile,DeviceResolver,0,0,1,0,10,1,1,0,-1.0,1,0
app,org.apache.roller.weblogger.ui.rendering.util.mobile,DeviceUtils,1,1,3,3,38,4,0,0,0.0,3,2
app,org.apache.roller.weblogger.ui.rendering.util.mobile,LiteDevice,4,3,6,5,37,6,0,1,0.0,1,0
app,org.apache.roller.weblogger.ui.rendering.util.mobile,LiteDeviceResolver,7,0,9,3,114,26,0,1,0.0,0,1
app,org.apache.roller.weblogger.ui.rendering.util.mobile,MobileDeviceRepository,0,0,2,2,44,7,0,0,-1.0,1,3
app,org.apache.roller.weblogger.ui.rendering.velocity,RollerResourceLoader,1,0,4,4,68,10,0,0,0.75,0,4
app,org.apache.roller.weblogger.ui.rendering.velocity,RollerVelocity,3,1,5,5,65,5,0,0,0.0,1,1
app,org.apache.roller.weblogger.ui.rendering.velocity,ThemeResourceLoader,1,0,4,4,80,12,0,0,0.75,0,5
app,org.apache.roller.weblogger.ui.rendering.velocity,VelocityRenderer,6,0,3,2,86,6,0,0,0.0,0,4
app,org.apache.roller.weblogger.ui.rendering.velocity,VelocityRendererFactory,1,0,1,1,33,4,0,0,0.0,0,4
app,org.apache.roller.weblogger.ui.rendering.velocity,WebappResourceLoader,4,0,5,4,157,30,0,0,0.0,0,1
app,org.apache.roller.weblogger.ui.struts2.admin,CacheInfo,2,0,10,10,50,11,0,0,0.5,0,2
app,org.apache.roller.weblogger.ui.struts2.admin,CreateUserBean,13,0,28,28,125,28,0,0,0.07142857142857142,2,3
app,org.apache.roller.weblogger.ui.struts2.admin,GlobalCommentManagement,8,0,21,20,218,36,0,0,0.23809523809523808,0,9
app,org.apache.roller.weblogger.ui.struts2.admin,GlobalCommentManagementBean,8,0,22,22,119,30,0,0,0.3181818181818182,1,2
app,org.apache.roller.weblogger.ui.struts2.admin,GlobalConfig,9,0,19,18,197,36,0,0,0.21052631578947367,0,11
app,org.apache.roller.weblogger.ui.struts2.admin,PingTargetBean,3,0,8,8,35,8,0,0,0.0,1,1
app,org.apache.roller.weblogger.ui.struts2.admin,PingTargetEdit,3,0,9,7,99,18,0,0,0.4444444444444444,0,4
app,org.apache.roller.weblogger.ui.struts2.admin,PingTargets,4,0,15,15,140,20,0,0,0.26666666666666666,0,3
app,org.apache.roller.weblogger.ui.struts2.admin,UserAdmin,2,0,8,8,33,8,0,0,0.875,0,2
app,org.apache.roller.weblogger.ui.struts2.admin,UserEdit,4,0,15,13,193,41,0,0,0.3333333333333333,0,8
app,org.apache.roller.weblogger.ui.struts2.ajax,CommentDataServlet,0,0,4,4,86,8,0,0,-1.0,0,8
app,org.apache.roller.weblogger.ui.struts2.ajax,ThemeDataServlet,0,0,2,1,55,7,0,0,-1.0,0,3
app,org.apache.roller.weblogger.ui.struts2.ajax,UserDataServlet,2,0,1,1,66,7,0,0,0.0,0,5
app,org.apache.roller.weblogger.ui.struts2.core,CreateWeblog,3,0,8,8,107,18,0,0,0.5,0,10
app,org.apache.roller.weblogger.ui.struts2.core,CreateWeblogBean,7,0,14,14,54,14,0,0,0.5,1,0
app,org.apache.roller.weblogger.ui.struts2.core,Install,10,0,15,15,170,26,0,0,0.4666666666666667,0,4
app,org.apache.roller.weblogger.ui.struts2.core,Login,2,0,7,7,37,9,0,0,0.5714285714285714,0,0
app,org.apache.roller.weblogger.ui.struts2.core,MainMenu,3,0,11,11,77,11,0,0,0.6363636363636364,0,4
app,org.apache.roller.weblogger.ui.struts2.core,OAuthAuthorize,4,0,8,8,56,9,0,0,0.625,0,1
app,org.apache.roller.weblogger.ui.struts2.core,OAuthKeys,3,0,8,8,63,12,0,0,0.75,0,4
app,org.apache.roller.weblogger.ui.struts2.core,Profile,3,0,8,8,113,24,0,0,0.375,0,4
app,org.apache.roller.weblogger.ui.struts2.core,ProfileBean,11,0,24,24,100,24,0,0,0.16666666666666666,2,1
app,org.apache.roller.weblogger.ui.struts2.core,Register,8,1,21,16,269,53,0,0,0.19047619047619047,2,9
app,org.apache.roller.weblogger.ui.struts2.core,Setup,6,0,15,15,86,15,0,0,0.26666666666666666,0,4
app,org.apache.roller.weblogger.ui.struts2.editor,BookmarkBean,6,0,14,14,62,14,0,0,0.0,1,1
app,org.apache.roller.weblogger.ui.struts2.editor,BookmarkEdit,4,0,12,11,88,17,0,0,0.25,0,5
app,org.apache.roller.weblogger.ui.struts2.editor,Bookmarks,7,0,20,20,197,37,0,0,0.1,0,5
app,org.apache.roller.weblogger.ui.struts2.editor,BookmarksImport,6,0,9,9,89,13,0,0,0.5555555555555556,0,4
app,org.apache.roller.weblogger.ui.struts2.editor,Categories,2,0,6,6,35,6,0,0,0.5,0,3
app,org.apache.roller.weblogger.ui.struts2.editor,CategoryBean,4,0,10,10,44,10,0,0,0.0,1,1
app,org.apache.roller.weblogger.ui.struts2.editor,CategoryEdit,3,0,10,9,92,18,0,0,0.4,0,6
app,org.apache.roller.weblogger.ui.struts2.editor,CategoryRemove,5,0,14,14,104,19,0,0,0.2857142857142857,0,5
app,org.apache.roller.weblogger.ui.struts2.editor,Comments,9,0,22,20,274,49,0,0,0.18181818181818182,0,14
app,org.apache.roller.weblogger.ui.struts2.editor,CommentsBean,10,0,24,24,132,33,0,0,0.3333333333333333,1,2
app,org.apache.roller.weblogger.ui.struts2.editor,Entries,6,0,15,14,143,25,0,0,0.3333333333333333,0,8
app,org.apache.roller.weblogger.ui.struts2.editor,EntriesBean,8,0,21,21,105,24,0,0,0.09523809523809523,1,2
app,org.apache.roller.weblogger.ui.struts2.editor,EntryAddWithMediaFile,5,0,10,10,95,15,0,1,0.3,0,4
app,org.apache.roller.weblogger.ui.struts2.editor,EntryBean,21,0,48,48,281,58,0,0,0.0,2,5
app,org.apache.roller.weblogger.ui.struts2.editor,EntryEdit,4,0,28,25,342,62,0,0,0.39285714285714285,0,20
app,org.apache.roller.weblogger.ui.struts2.editor,EntryRemove,3,0,9,9,76,12,0,0,0.4444444444444444,0,6
app,org.apache.roller.weblogger.ui.struts2.editor,FolderBean,2,0,6,6,26,6,0,0,0.0,1,1
app,org.apache.roller.weblogger.ui.struts2.editor,FolderEdit,5,0,12,11,94,18,0,0,0.25,0,5
app,org.apache.roller.weblogger.ui.struts2.editor,Maintenance,1,0,5,5,67,5,0,0,0.6,0,5
app,org.apache.roller.weblogger.ui.struts2.editor,MediaFileAdd,9,0,21,21,210,37,0,1,0.14285714285714285,0,9
app,org.apache.roller.weblogger.ui.struts2.editor,MediaFileBase,7,0,18,13,168,25,6,0,0.16666666666666666,0,5
app,org.apache.roller.weblogger.ui.struts2.editor,MediaFileBean,15,0,32,32,189,32,0,0,0.0,3,1
app,org.apache.roller.weblogger.ui.struts2.editor,MediaFileEdit,6,0,15,15,146,20,0,1,0.2,0,5
app,org.apache.roller.weblogger.ui.struts2.editor,MediaFileImageChooser,5,0,13,13,128,19,0,1,0.3076923076923077,0,4
app,org.apache.roller.weblogger.ui.struts2.editor,MediaFileImageDim,2,0,4,4,31,4,0,1,0.5,0,4
app,org.apache.roller.weblogger.ui.struts2.editor,MediaFileSearchBean,10,1,20,20,141,37,0,0,0.0,1,2
app,org.apache.roller.weblogger.ui.struts2.editor,MediaFileView,15,0,37,37,309,52,0,1,0.10810810810810811,0,7
app,org.apache.roller.weblogger.ui.struts2.editor,MemberResign,1,0,5,5,39,5,0,0,1.0,0,3
app,org.apache.roller.weblogger.ui.struts2.editor,Members,2,0,7,7,100,21,0,0,0.0,0,5
app,org.apache.roller.weblogger.ui.struts2.editor,MembersInvite,3,0,8,8,101,16,0,0,0.375,0,6
app,org.apache.roller.weblogger.ui.struts2.editor,Pings,5,0,17,15,172,30,0,0,0.17647058823529413,0,8
app,org.apache.roller.weblogger.ui.struts2.editor,StylesheetEdit,6,0,16,16,266,32,0,0,0.125,0,5
app,org.apache.roller.weblogger.ui.struts2.editor,TemplateEdit,3,0,10,9,122,20,0,0,0.3,0,4
app,org.apache.roller.weblogger.ui.struts2.editor,TemplateEditBean,16,0,33,33,162,39,0,0,0.12121212121212122,1,3
app,org.apache.roller.weblogger.ui.struts2.editor,Templates,6,0,17,15,199,37,0,0,0.17647058823529413,0,4
app,org.apache.roller.weblogger.ui.struts2.editor,ThemeEdit,8,0,16,16,166,28,0,0,0.1875,0,10
app,org.apache.roller.weblogger.ui.struts2.editor,WeblogConfig,6,0,14,13,118,22,0,0,0.21428571428571427,0,10
app,org.apache.roller.weblogger.ui.struts2.editor,WeblogConfigBean,26,0,52,52,236,54,0,0,0.038461538461538464,1,1
app,org.apache.roller.weblogger.ui.struts2.editor,WeblogRemove,1,0,3,3,34,3,0,0,1.0,0,2
app,org.apache.roller.weblogger.ui.struts2.pagers,CommentsPager,4,0,6,5,48,9,0,0,0.0,2,1
app,org.apache.roller.weblogger.ui.struts2.pagers,EntriesPager,4,0,6,5,48,9,0,0,0.0,1,1
app,org.apache.roller.weblogger.ui.struts2.pagers,MediaFilePager,3,0,6,6,37,6,0,0,0.0,1,0
app,org.apache.roller.weblogger.ui.struts2.util,KeyValueObject,2,0,6,6,25,6,0,0,0.3333333333333333,0,0
app,org.apache.roller.weblogger.ui.struts2.util,UIAction,10,3,55,53,245,65,0,1,0.41818181818181815,4,11
app,org.apache.roller.weblogger.ui.struts2.util,UIActionInterceptor,2,0,1,1,39,7,0,0,0.0,0,4
app,org.apache.roller.weblogger.ui.struts2.util,UIActionPreparable,0,0,1,0,6,1,1,0,-1.0,1,0
app,org.apache.roller.weblogger.ui.struts2.util,UIActionPrepareInterceptor,2,0,1,1,21,4,0,0,0.0,0,1
app,org.apache.roller.weblogger.ui.struts2.util,UISecurityEnforced,0,0,4,0,23,4,1,0,-1.0,1,0
app,org.apache.roller.weblogger.ui.struts2.util,UISecurityInterceptor,2,0,1,1,57,16,0,0,0.0,0,8
app,org.apache.roller.weblogger.ui.struts2.util,UIUtils,2,0,5,5,35,6,0,0,1.0,1,0
app,org.apache.roller.weblogger.ui.struts2.util,LocaleComparator,0,0,1,1,9,2,0,0,-1.0,0,0
app,org.apache.roller.weblogger.ui.struts2.util,UIActionTest,0,0,3,3,29,3,0,0,-1.0,0,1
app,org.apache.roller.weblogger.ui.tags,StringTagSupport,1,0,7,7,83,10,2,0,0.0,0,0
app,org.apache.roller.weblogger.ui.tags,TruncateNicelyTag,3,0,11,9,103,18,0,1,0.18181818181818182,1,1
app,org.apache.roller.weblogger.ui.tags,WordWrapTag,4,0,12,12,151,24,0,1,0.16666666666666666,1,1
app,org.apache.roller.weblogger.util,Bannedwordslist,8,0,15,8,322,47,0,0,0.2,4,3
app,org.apache.roller.weblogger.util,BannedwordslistChecker,0,0,5,3,62,10,0,0,-1.0,3,6
app,org.apache.roller.weblogger.util,GenericThrottle,6,0,3,3,83,14,0,0,0.0,1,4
app,org.apache.roller.weblogger.util,ClientInfo,2,2,0,0,4,0,0,0,-1.0,1,0
app,org.apache.roller.weblogger.util,HTMLSanitizer,17,8,16,14,348,66,0,0,0.1875,9,2
app,org.apache.roller.weblogger.util,SanitizeResult,5,5,0,0,10,0,0,0,-1.0,1,0
app,org.apache.roller.weblogger.util,I18nMessages,4,0,11,7,136,15,0,0,0.0,14,2
app,org.apache.roller.weblogger.util,I18nUtils,0,0,1,1,38,11,0,0,-1.0,3,0
app,org.apache.roller.weblogger.util,IPBanList,5,0,10,6,100,18,0,0,0.3,4,2
app,org.apache.roller.weblogger.util,ModifiedFile,1,0,3,3,13,3,0,0,0.0,1,0
app,org.apache.roller.weblogger.util,LinkbackExtractor,16,0,12,10,242,44,0,0,0.16666666666666666,2,1
app,org.apache.roller.weblogger.util,LinkbackCallback,3,0,4,4,102,23,0,0,0.0,0,0
app,org.apache.roller.weblogger.util,LRUCache2,6,0,14,12,102,20,1,0,0.21428571428571427,2,2
app,org.apache.roller.weblogger.util,Environment,0,0,1,0,3,1,1,0,-1.0,1,0
app,org.apache.roller.weblogger.util,DefaultEnvironment,0,0,1,1,5,1,0,1,-1.0,0,0
app,org.apache.roller.weblogger.util,CacheEntry,2,0,3,3,14,3,0,0,0.0,1,0
app,org.apache.roller.weblogger.util,LRULinkedHashMap,1,0,2,1,10,2,0,0,0.0,0,0
app,org.apache.roller.weblogger.util,MailUtil,2,0,11,11,421,60,0,0,0.2727272727272727,7,16
app,org.apache.roller.weblogger.util,MailingException,0,0,1,1,8,1,0,0,-1.0,0,0
app,org.apache.roller.weblogger.util,MediacastException,2,0,6,6,28,6,0,0,0.0,0,0
app,org.apache.roller.weblogger.util,MediacastResource,3,0,8,8,38,8,0,0,0.0,2,0
app,org.apache.roller.weblogger.util,MediacastUtil,5,4,2,1,50,5,0,0,1.0,1,1
app,org.apache.roller.weblogger.util,PasswordUtility,0,0,8,2,188,23,0,0,-1.0,1,2
app,org.apache.roller.weblogger.util,Reflection,0,0,6,5,37,10,0,0,-1.0,14,2
app,org.apache.roller.weblogger.util,RollerMessages,4,0,17,17,72,19,0,0,0.17647058823529413,22,0
app,org.apache.roller.weblogger.util,RollerMessage,2,0,5,5,20,5,0,0,0.0,4,0
app,org.apache.roller.weblogger.util,StandaloneWebappClassLoader,1,1,4,2,35,5,0,0,0.0,1,1
app,org.apache.roller.weblogger.util,Trackback,3,0,3,2,110,11,0,0,0.0,1,6
app,org.apache.roller.weblogger.util,TrackbackNotAllowedException,0,0,1,1,8,1,0,0,-1.0,0,0
app,org.apache.roller.weblogger.util,URLUtilities,0,0,6,5,69,12,0,0,-1.0,20,1
app,org.apache.roller.weblogger.util,Utilities,23,1,43,39,756,110,0,0,0.6511627906976745,47,3
app,org.apache.roller.weblogger.util,WSSEUtilities,0,0,4,4,48,4,0,0,-1.0,2,1
app,org.apache.roller.weblogger.util,BannedwordslistTest,2,1,7,7,31,7,0,0,0.2857142857142857,0,1
app,org.apache.roller.weblogger.util,IPBanListTest,3,0,9,0,60,9,0,0,0.0,0,1
app,org.apache.roller.weblogger.util,LinkbackExtractorTest,0,0,1,1,12,1,0,0,-1.0,0,1
app,org.apache.roller.weblogger.util,LRUCache2Test,1,1,4,4,61,4,0,0,0.0,0,2
app,org.apache.roller.weblogger.util,TestEnvironment,1,1,1,1,6,1,0,1,0.0,1,1
app,org.apache.roller.weblogger.util,UtilitiesTest,0,0,4,4,29,4,0,0,-1.0,0,1
app,org.apache.roller.weblogger.util.cache,Cache,0,0,6,0,29,6,1,0,-1.0,11,0
app,org.apache.roller.weblogger.util.cache,CachedContent,5,0,8,8,71,13,0,0,0.25,7,1
app,org.apache.roller.weblogger.util.cache,CacheFactory,0,0,1,0,6,1,2,0,-1.0,1,0
app,org.apache.roller.weblogger.util.cache,CacheHandler,0,0,8,0,21,8,0,0,-1.0,1,8
app,org.apache.roller.weblogger.util.cache,CacheManager,5,0,15,14,165,31,0,0,0.2,32,12
app,org.apache.roller.weblogger.util.cache,ExpiringCacheEntry,3,0,5,5,37,6,0,0,0.0,5,0
app,org.apache.roller.weblogger.util.cache,ExpiringLRUCacheFactoryImpl,1,0,2,1,35,3,0,1,1.0,0,1
app,org.apache.roller.weblogger.util.cache,ExpiringLRUCacheImpl,2,0,4,2,40,7,0,2,0.5,0,2
app,org.apache.roller.weblogger.util.cache,LazyExpiringCacheEntry,2,0,4,4,31,5,0,0,0.0,2,0
app,org.apache.roller.weblogger.util.cache,LRUCacheFactoryImpl,1,0,2,1,28,3,0,1,1.0,0,1
app,org.apache.roller.weblogger.util.cache,LRUCacheImpl,8,0,10,7,77,12,1,1,0.0,0,1
app,org.apache.roller.weblogger.util.cache,LRULinkedHashMap,1,0,2,1,10,2,0,0,0.0,0,0
app,org.apache.roller.weblogger,WebloggerException,0,0,4,4,30,4,0,0,-1.0,0,0
app,org.apache.roller.weblogger,TestUtils,2,1,38,37,481,58,0,0,0.7631578947368421,41,29
app,org.apache.roller.weblogger.webservices.atomprotocol,EntryCollection,5,0,9,6,334,48,0,0,0.0,1,14
app,org.apache.roller.weblogger.webservices.atomprotocol,MediaCollection,5,0,11,8,429,51,0,0,0.18181818181818182,1,12
app,org.apache.roller.weblogger.webservices.atomprotocol,RollerAtomHandler,6,0,25,23,353,58,0,0,0.32,3,14
app,org.apache.roller.weblogger.webservices.atomprotocol,RollerAtomHandlerFactory,0,0,1,1,11,1,0,0,-1.0,0,0
app,org.apache.roller.weblogger.webservices.atomprotocol,RollerAtomService,0,0,3,2,93,11,0,0,-1.0,2,8
app,org.apache.roller.weblogger.webservices.oauth,AccessTokenServlet,1,0,4,4,43,6,0,0,0.0,0,2
app,org.apache.roller.weblogger.webservices.oauth,AuthorizationServlet,1,0,5,3,90,14,0,0,0.0,0,2
app,org.apache.roller.weblogger.webservices.oauth,RequestTokenServlet,1,0,4,4,48,6,0,0,0.0,0,2
app,org.apache.roller.weblogger.webservices.opensearch,OpenSearchServlet,0,0,1,1,65,6,0,0,-1.0,0,5
app,org.apache.roller.weblogger.webservices.tagdata,TagDataServlet,1,0,2,1,127,19,0,0,0.0,0,9
app,org.apache.roller.weblogger.webservices.xmlrpc,BaseAPIHandler,22,20,4,1,113,15,1,0,0.75,0,8
app,org.apache.roller.weblogger.webservices.xmlrpc,BloggerAPIHandler,2,0,9,9,352,29,1,1,0.2222222222222222,0,11
app,org.apache.roller.weblogger.webservices.xmlrpc,MetaWeblogAPIHandler,2,0,11,9,347,37,0,2,0.36363636363636365,0,16
app,org.apache.roller.testing,DerbyJunitExtension,2,0,2,2,15,2,0,0,0.0,0,0
app,org.apache.roller.testing,DerbyStartStopper,3,0,3,2,76,5,0,0,0.0,0,1
app,org.apache.roller.weblogger.ui,ApplicationResourcesTest,1,0,4,3,43,7,0,0,0.5,0,0
app,org.apache.roller.weblogger.ui,UIPluginManagerTest,1,0,1,1,14,1,0,0,0.0,0,2
